BV Index,Tempature,Class
2.26,2921.397477,6
2.22,2956.922183,6
2.16,3011.904015,6
2.07,3098.433136,6
2.05,3118.360886,6
2.03,3138.55411,5
1.96,3211.401455,6
1.91,3265.606158,5
1.88,3299.044335,5
1.85,3333.196615,5
1.78,3415.797871,5
1.77,3427.944733,6
1.72,3490.044185,4
1.71,3502.744499,6
1.71,3502.744499,5
1.71,3502.744499,5
1.69,3528.434308,5
1.68,3541.426071,6
1.67,3554.517282,6
1.67,3554.517282,6
1.67,3554.517282,6
1.66,3567.709122,5
1.66,3567.709122,5
1.65,3581.00279,6
1.65,3581.00279,6
1.65,3581.00279,6
1.65,3581.00279,6
1.65,3581.00279,5
1.64,3594.399505,6
1.63,3607.900506,6
1.63,3607.900506,6
1.63,3607.900506,5
1.62,3621.507053,6
1.61,3635.220427,6
1.61,3635.220427,6
1.61,3635.220427,5
1.61,3635.220427,5
1.61,3635.220427,5
1.61,3635.220427,5
1.6,3649.041928,6
1.6,3649.041928,5
1.58,3677.014629,6
1.58,3677.014629,6
1.58,3677.014629,6
1.58,3677.014629,6
1.58,3677.014629,6
1.58,3677.014629,5
1.58,3677.014629,5
1.57,3691.168543,6
1.56,3705.436013,5
1.56,3705.436013,5
1.55,3719.818456,6
1.55,3719.818456,5
1.55,3719.818456,5
1.54,3734.317309,6
1.54,3734.317309,6
1.54,3734.317309,5
1.54,3734.317309,5
1.54,3734.317309,5
1.53,3748.934037,6
1.52,3763.670129,5
1.51,3778.527101,5
1.51,3778.527101,5
1.5,3793.506494,5
1.5,3793.506494,5
1.5,3793.506494,5
1.49,3808.609875,6
1.49,3808.609875,5
1.49,3808.609875,5
1.49,3808.609875,5
1.49,3808.609875,5
1.49,3808.609875,5
1.48,3823.838842,6
1.45,3870.29564,5
1.45,3870.29564,5
1.45,3870.29564,5
1.43,3901.925322,4
1.42,3917.94294,6
1.42,3917.94294,5
1.41,3934.098141,6
1.41,3934.098141,5
1.41,3934.098141,5
1.4,3950.392766,5
1.4,3950.392766,5
1.4,3950.392766,5
1.39,3966.828689,5
1.39,3966.828689,5
1.38,3983.407818,5
1.37,4000.132099,6
1.37,4000.132099,5
1.37,4000.132099,5
1.37,4000.132099,5
1.36,4017.003511,5
1.36,4017.003511,5
1.35,4034.024072,5
1.34,4051.195837,5
1.34,4051.195837,5
1.34,4051.195837,5
1.33,4068.520901,4
1.32,4086.001399,5
1.32,4086.001399,4
1.3,4121.437438,6
1.3,4121.437438,5
1.3,4121.437438,5
1.3,4121.437438,5
1.3,4121.437438,5
1.3,4121.437438,5
1.29,4139.397456,5
1.29,4139.397456,5
1.29,4139.397456,5
1.28,4157.521863,6
1.28,4157.521863,6
1.28,4157.521863,5
1.28,4157.521863,5
1.28,4157.521863,5
1.28,4157.521863,5
1.28,4157.521863,5
1.28,4157.521863,5
1.27,4175.813009,6
1.27,4175.813009,5
1.27,4175.813009,5
1.27,4175.813009,5
1.27,4175.813009,5
1.26,4194.273289,5
1.26,4194.273289,5
1.26,4194.273289,5
1.25,4212.905144,5
1.25,4212.905144,5
1.25,4212.905144,5
1.25,4212.905144,5
1.25,4212.905144,5
1.25,4212.905144,5
1.24,4231.711067,5
1.24,4231.711067,5
1.24,4231.711067,5
1.24,4231.711067,5
1.24,4231.711067,5
1.24,4231.711067,5
1.24,4231.711067,5
1.23,4250.693596,5
1.23,4250.693596,5
1.23,4250.693596,5
1.23,4250.693596,5
1.23,4250.693596,5
1.22,4269.855325,5
1.22,4269.855325,5
1.22,4269.855325,5
1.22,4269.855325,5
1.22,4269.855325,5
1.21,4289.198897,5
1.21,4289.198897,5
1.21,4289.198897,5
1.21,4289.198897,5
1.21,4289.198897,5
1.21,4289.198897,5
1.21,4289.198897,5
1.2,4308.727009,5
1.2,4308.727009,5
1.2,4308.727009,5
1.2,4308.727009,5
1.2,4308.727009,5
1.2,4308.727009,5
1.2,4308.727009,5
1.2,4308.727009,5
1.2,4308.727009,5
1.19,4328.442415,5
1.19,4328.442415,5
1.19,4328.442415,5
1.19,4328.442415,5
1.19,4328.442415,5
1.19,4328.442415,5
1.19,4328.442415,5
1.18,4348.347923,5
1.18,4348.347923,5
1.18,4348.347923,5
1.18,4348.347923,5
1.17,4368.4464,5
1.17,4368.4464,5
1.17,4368.4464,5
1.17,4368.4464,5
1.17,4368.4464,5
1.17,4368.4464,5
1.17,4368.4464,5
1.17,4368.4464,5
1.17,4368.4464,4
1.17,4368.4464,4
1.16,4388.740774,5
1.16,4388.740774,5
1.16,4388.740774,5
1.16,4388.740774,5
1.16,4388.740774,5
1.16,4388.740774,5
1.16,4388.740774,4
1.15,4409.234032,6
1.15,4409.234032,5
1.15,4409.234032,5
1.15,4409.234032,5
1.15,4409.234032,5
1.15,4409.234032,5
1.15,4409.234032,5
1.15,4409.234032,5
1.15,4409.234032,5
1.15,4409.234032,5
1.15,4409.234032,4
1.14,4429.929225,6
1.14,4429.929225,5
1.14,4429.929225,5
1.14,4429.929225,5
1.14,4429.929225,5
1.14,4429.929225,5
1.14,4429.929225,5
1.14,4429.929225,5
1.14,4429.929225,4
1.14,4429.929225,4
1.13,4450.829467,5
1.13,4450.829467,5
1.13,4450.829467,5
1.13,4450.829467,5
1.13,4450.829467,5
1.13,4450.829467,5
1.13,4450.829467,5
1.13,4450.829467,5
1.13,4450.829467,5
1.13,4450.829467,4
1.12,4471.93794,5
1.12,4471.93794,5
1.12,4471.93794,5
1.12,4471.93794,5
1.12,4471.93794,5
1.12,4471.93794,5
1.12,4471.93794,5
1.12,4471.93794,5
1.12,4471.93794,5
1.11,4493.257892,5
1.11,4493.257892,5
1.11,4493.257892,5
1.11,4493.257892,5
1.11,4493.257892,5
1.11,4493.257892,5
1.11,4493.257892,5
1.1,4514.792643,5
1.1,4514.792643,5
1.1,4514.792643,5
1.1,4514.792643,5
1.1,4514.792643,5
1.1,4514.792643,5
1.1,4514.792643,5
1.1,4514.792643,4
1.1,4514.792643,4
1.1,4514.792643,4
1.09,4536.545583,5
1.09,4536.545583,5
1.09,4536.545583,5
1.09,4536.545583,5
1.09,4536.545583,5
1.09,4536.545583,5
1.09,4536.545583,4
1.09,4536.545583,4
1.09,4536.545583,4
1.08,4558.520176,5
1.08,4558.520176,5
1.08,4558.520176,5
1.08,4558.520176,5
1.08,4558.520176,5
1.08,4558.520176,4
1.08,4558.520176,4
1.08,4558.520176,4
1.08,4558.520176,4
1.07,4580.719962,5
1.07,4580.719962,5
1.07,4580.719962,5
1.07,4580.719962,5
1.07,4580.719962,5
1.07,4580.719962,4
1.07,4580.719962,4
1.06,4603.148561,5
1.06,4603.148561,5
1.06,4603.148561,5
1.06,4603.148561,5
1.06,4603.148561,5
1.06,4603.148561,5
1.06,4603.148561,5
1.06,4603.148561,5
1.06,4603.148561,5
1.06,4603.148561,5
1.06,4603.148561,5
1.05,4625.809668,5
1.05,4625.809668,5
1.05,4625.809668,5
1.05,4625.809668,5
1.05,4625.809668,5
1.05,4625.809668,5
1.05,4625.809668,5
1.05,4625.809668,5
1.05,4625.809668,5
1.05,4625.809668,5
1.05,4625.809668,5
1.05,4625.809668,5
1.05,4625.809668,5
1.05,4625.809668,5
1.05,4625.809668,4
1.05,4625.809668,4
1.04,4648.707065,5
1.04,4648.707065,5
1.04,4648.707065,5
1.04,4648.707065,5
1.04,4648.707065,5
1.04,4648.707065,5
1.04,4648.707065,5
1.04,4648.707065,5
1.04,4648.707065,5
1.04,4648.707065,5
1.03,4671.844618,5
1.03,4671.844618,5
1.03,4671.844618,5
1.03,4671.844618,5
1.03,4671.844618,5
1.03,4671.844618,5
1.03,4671.844618,5
1.03,4671.844618,5
1.03,4671.844618,5
1.03,4671.844618,4
1.03,4671.844618,4
1.03,4671.844618,4
1.02,4695.226277,5
1.02,4695.226277,5
1.02,4695.226277,5
1.02,4695.226277,5
1.02,4695.226277,5
1.02,4695.226277,5
1.02,4695.226277,5
1.02,4695.226277,5
1.02,4695.226277,5
1.02,4695.226277,5
1.02,4695.226277,4
1.02,4695.226277,4
1.02,4695.226277,4
1.02,4695.226277,4
1.02,4695.226277,4
1.02,4695.226277,4
1.02,4695.226277,4
1.02,4695.226277,4
1.02,4695.226277,4
1.02,4695.226277,4
1.02,4695.226277,4
1.02,4695.226277,4
1.01,4718.856086,5
1.01,4718.856086,5
1.01,4718.856086,5
1.01,4718.856086,5
1.01,4718.856086,5
1.01,4718.856086,5
1.01,4718.856086,5
1.01,4718.856086,5
1.01,4718.856086,5
1.01,4718.856086,5
1.01,4718.856086,4
1.01,4718.856086,4
1.01,4718.856086,4
1.01,4718.856086,4
1,4742.738178,5
1,4742.738178,5
1,4742.738178,5
1,4742.738178,5
1,4742.738178,5
1,4742.738178,5
1,4742.738178,5
1,4742.738178,5
1,4742.738178,5
1,4742.738178,5
1,4742.738178,5
1,4742.738178,5
1,4742.738178,4
1,4742.738178,4
1,4742.738178,4
1,4742.738178,4
1,4742.738178,4
1,4742.738178,4
0.99,4766.876782,5
0.99,4766.876782,5
0.99,4766.876782,5
0.99,4766.876782,5
0.99,4766.876782,5
0.99,4766.876782,4
0.99,4766.876782,4
0.99,4766.876782,4
0.99,4766.876782,4
0.99,4766.876782,4
0.99,4766.876782,4
0.99,4766.876782,4
0.99,4766.876782,4
0.98,4791.276225,5
0.98,4791.276225,5
0.98,4791.276225,5
0.98,4791.276225,5
0.98,4791.276225,5
0.98,4791.276225,5
0.98,4791.276225,4
0.98,4791.276225,4
0.98,4791.276225,4
0.98,4791.276225,4
0.98,4791.276225,4
0.98,4791.276225,3
0.97,4815.940935,5
0.97,4815.940935,5
0.97,4815.940935,5
0.97,4815.940935,5
0.97,4815.940935,5
0.97,4815.940935,4
0.97,4815.940935,4
0.97,4815.940935,4
0.97,4815.940935,4
0.97,4815.940935,4
0.97,4815.940935,4
0.97,4815.940935,4
0.96,4840.875442,5
0.96,4840.875442,5
0.96,4840.875442,5
0.96,4840.875442,5
0.96,4840.875442,5
0.96,4840.875442,5
0.96,4840.875442,5
0.96,4840.875442,5
0.96,4840.875442,4
0.96,4840.875442,4
0.96,4840.875442,4
0.96,4840.875442,4
0.96,4840.875442,4
0.96,4840.875442,4
0.96,4840.875442,4
0.95,4866.084384,5
0.95,4866.084384,5
0.95,4866.084384,5
0.95,4866.084384,5
0.95,4866.084384,4
0.95,4866.084384,4
0.95,4866.084384,4
0.95,4866.084384,4
0.95,4866.084384,4
0.95,4866.084384,4
0.95,4866.084384,4
0.95,4866.084384,4
0.95,4866.084384,4
0.95,4866.084384,4
0.95,4866.084384,4
0.95,4866.084384,4
0.95,4866.084384,4
0.94,4891.57251,5
0.94,4891.57251,5
0.94,4891.57251,5
0.94,4891.57251,5
0.94,4891.57251,5
0.94,4891.57251,5
0.94,4891.57251,5
0.94,4891.57251,4
0.94,4891.57251,4
0.94,4891.57251,4
0.94,4891.57251,4
0.94,4891.57251,4
0.94,4891.57251,4
0.94,4891.57251,4
0.94,4891.57251,4
0.94,4891.57251,4
0.94,4891.57251,4
0.94,4891.57251,4
0.94,4891.57251,4
0.94,4891.57251,4
0.94,4891.57251,4
0.93,4917.344679,5
0.93,4917.344679,5
0.93,4917.344679,4
0.93,4917.344679,4
0.93,4917.344679,4
0.93,4917.344679,4
0.93,4917.344679,4
0.93,4917.344679,4
0.93,4917.344679,4
0.93,4917.344679,4
0.93,4917.344679,4
0.92,4943.40587,5
0.92,4943.40587,5
0.92,4943.40587,4
0.92,4943.40587,4
0.92,4943.40587,4
0.92,4943.40587,4
0.92,4943.40587,4
0.92,4943.40587,4
0.92,4943.40587,4
0.92,4943.40587,4
0.92,4943.40587,4
0.92,4943.40587,4
0.92,4943.40587,4
0.92,4943.40587,4
0.91,4969.761181,5
0.91,4969.761181,5
0.91,4969.761181,4
0.91,4969.761181,4
0.91,4969.761181,4
0.91,4969.761181,4
0.91,4969.761181,4
0.91,4969.761181,4
0.9,4996.415833,5
0.9,4996.415833,5
0.9,4996.415833,5
0.9,4996.415833,5
0.9,4996.415833,4
0.9,4996.415833,4
0.9,4996.415833,4
0.9,4996.415833,4
0.9,4996.415833,4
0.9,4996.415833,4
0.9,4996.415833,4
0.9,4996.415833,4
0.9,4996.415833,4
0.9,4996.415833,4
0.9,4996.415833,4
0.9,4996.415833,4
0.9,4996.415833,3
0.89,5023.375178,4
0.89,5023.375178,4
0.89,5023.375178,4
0.89,5023.375178,4
0.89,5023.375178,4
0.89,5023.375178,4
0.89,5023.375178,4
0.89,5023.375178,4
0.89,5023.375178,4
0.88,5050.644696,5
0.88,5050.644696,5
0.88,5050.644696,4
0.88,5050.644696,4
0.88,5050.644696,4
0.87,5078.230006,4
0.87,5078.230006,4
0.87,5078.230006,4
0.87,5078.230006,4
0.87,5078.230006,4
0.87,5078.230006,4
0.87,5078.230006,4
0.87,5078.230006,4
0.87,5078.230006,4
0.87,5078.230006,4
0.87,5078.230006,4
0.87,5078.230006,4
0.87,5078.230006,4
0.87,5078.230006,4
0.86,5106.136867,5
0.86,5106.136867,5
0.86,5106.136867,5
0.86,5106.136867,4
0.86,5106.136867,4
0.86,5106.136867,4
0.86,5106.136867,4
0.86,5106.136867,4
0.86,5106.136867,4
0.85,5134.371181,5
0.85,5134.371181,5
0.85,5134.371181,5
0.85,5134.371181,4
0.85,5134.371181,4
0.84,5162.939003,5
0.84,5162.939003,5
0.84,5162.939003,5
0.84,5162.939003,5
0.84,5162.939003,4
0.84,5162.939003,4
0.83,5191.846538,4
0.83,5191.846538,4
0.83,5191.846538,4
0.83,5191.846538,4
0.83,5191.846538,4
0.83,5191.846538,4
0.82,5221.100154,5
0.82,5221.100154,4
0.82,5221.100154,4
0.81,5250.706383,5
0.81,5250.706383,5
0.81,5250.706383,5
0.81,5250.706383,4
0.81,5250.706383,4
0.8,5280.671927,5
0.8,5280.671927,5
0.8,5280.671927,4
0.8,5280.671927,4
0.8,5280.671927,4
0.8,5280.671927,4
0.79,5311.003663,5
0.79,5311.003663,5
0.79,5311.003663,4
0.79,5311.003663,4
0.79,5311.003663,4
0.79,5311.003663,4
0.79,5311.003663,4
0.79,5311.003663,4
0.78,5341.70865,4
0.78,5341.70865,4
0.78,5341.70865,4
0.78,5341.70865,4
0.78,5341.70865,4
0.77,5372.794137,4
0.77,5372.794137,4
0.77,5372.794137,4
0.76,5404.267564,4
0.76,5404.267564,4
0.76,5404.267564,4
0.76,5404.267564,4
0.76,5404.267564,3
0.75,5436.136574,5
0.75,5436.136574,5
0.75,5436.136574,5
0.75,5436.136574,4
0.75,5436.136574,4
0.75,5436.136574,4
0.75,5436.136574,4
0.75,5436.136574,4
0.75,5436.136574,2
0.74,5468.409019,4
0.74,5468.409019,4
0.74,5468.409019,3
0.74,5468.409019,3
0.74,5468.409019,3
0.74,5468.409019,3
0.73,5501.092963,4
0.73,5501.092963,4
0.73,5501.092963,4
0.73,5501.092963,4
0.73,5501.092963,4
0.73,5501.092963,4
0.72,5534.196696,4
0.72,5534.196696,4
0.72,5534.196696,4
0.72,5534.196696,4
0.72,5534.196696,4
0.72,5534.196696,3
0.71,5567.728737,4
0.71,5567.728737,4
0.71,5567.728737,4
0.7,5601.697844,5
0.7,5601.697844,5
0.7,5601.697844,4
0.7,5601.697844,4
0.7,5601.697844,4
0.7,5601.697844,4
0.69,5636.113022,4
0.69,5636.113022,4
0.69,5636.113022,4
0.69,5636.113022,4
0.69,5636.113022,4
0.69,5636.113022,4
0.69,5636.113022,4
0.69,5636.113022,4
0.68,5670.983534,4
0.68,5670.983534,4
0.68,5670.983534,4
0.67,5706.318906,4
0.67,5706.318906,4
0.67,5706.318906,4
0.67,5706.318906,4
0.67,5706.318906,4
0.67,5706.318906,4
0.67,5706.318906,4
0.67,5706.318906,4
0.67,5706.318906,3
0.66,5742.128942,5
0.66,5742.128942,4
0.66,5742.128942,4
0.66,5742.128942,4
0.66,5742.128942,4
0.66,5742.128942,4
0.66,5742.128942,4
0.66,5742.128942,4
0.66,5742.128942,3
0.66,5742.128942,3
0.65,5778.423731,4
0.65,5778.423731,4
0.65,5778.423731,4
0.65,5778.423731,4
0.65,5778.423731,4
0.65,5778.423731,4
0.65,5778.423731,4
0.65,5778.423731,4
0.65,5778.423731,4
0.65,5778.423731,4
0.64,5815.213657,4
0.64,5815.213657,4
0.64,5815.213657,4
0.64,5815.213657,4
0.64,5815.213657,4
0.64,5815.213657,4
0.64,5815.213657,4
0.64,5815.213657,3
0.63,5852.509414,4
0.63,5852.509414,4
0.63,5852.509414,4
0.63,5852.509414,4
0.63,5852.509414,4
0.63,5852.509414,4
0.63,5852.509414,3
0.63,5852.509414,3
0.63,5852.509414,3
0.62,5890.322012,4
0.62,5890.322012,4
0.62,5890.322012,4
0.62,5890.322012,4
0.62,5890.322012,4
0.62,5890.322012,4
0.62,5890.322012,3
0.61,5928.662795,4
0.61,5928.662795,4
0.61,5928.662795,4
0.61,5928.662795,4
0.61,5928.662795,4
0.61,5928.662795,4
0.61,5928.662795,4
0.61,5928.662795,4
0.61,5928.662795,4
0.61,5928.662795,4
0.61,5928.662795,4
0.61,5928.662795,4
0.61,5928.662795,4
0.6,5967.54345,4
0.6,5967.54345,4
0.6,5967.54345,4
0.6,5967.54345,4
0.6,5967.54345,4
0.6,5967.54345,4
0.6,5967.54345,4
0.6,5967.54345,4
0.6,5967.54345,4
0.6,5967.54345,4
0.6,5967.54345,4
0.6,5967.54345,4
0.6,5967.54345,4
0.6,5967.54345,4
0.6,5967.54345,3
0.6,5967.54345,3
0.6,5967.54345,3
0.6,5967.54345,3
0.6,5967.54345,1
0.6,5967.54345,1
0.59,6006.976021,4
0.59,6006.976021,4
0.59,6006.976021,4
0.59,6006.976021,4
0.59,6006.976021,4
0.59,6006.976021,4
0.59,6006.976021,4
0.59,6006.976021,4
0.59,6006.976021,4
0.59,6006.976021,4
0.59,6006.976021,4
0.59,6006.976021,4
0.59,6006.976021,3
0.59,6006.976021,3
0.58,6046.972924,4
0.58,6046.972924,4
0.58,6046.972924,4
0.58,6046.972924,4
0.58,6046.972924,4
0.58,6046.972924,4
0.58,6046.972924,4
0.58,6046.972924,4
0.58,6046.972924,3
0.58,6046.972924,3
0.58,6046.972924,3
0.58,6046.972924,3
0.58,6046.972924,3
0.58,6046.972924,2
0.57,6087.546962,4
0.57,6087.546962,4
0.57,6087.546962,4
0.57,6087.546962,4
0.57,6087.546962,4
0.57,6087.546962,4
0.57,6087.546962,4
0.57,6087.546962,3
0.57,6087.546962,3
0.57,6087.546962,3
0.57,6087.546962,3
0.56,6128.711337,4
0.56,6128.711337,4
0.56,6128.711337,4
0.56,6128.711337,4
0.56,6128.711337,4
0.56,6128.711337,4
0.56,6128.711337,3
0.56,6128.711337,3
0.56,6128.711337,3
0.56,6128.711337,3
0.56,6128.711337,3
0.56,6128.711337,3
0.56,6128.711337,3
0.56,6128.711337,2
0.55,6170.47967,4
0.55,6170.47967,4
0.55,6170.47967,4
0.55,6170.47967,4
0.55,6170.47967,4
0.55,6170.47967,4
0.55,6170.47967,3
0.55,6170.47967,3
0.55,6170.47967,3
0.55,6170.47967,3
0.55,6170.47967,3
0.54,6212.866018,4
0.54,6212.866018,3
0.54,6212.866018,3
0.54,6212.866018,3
0.54,6212.866018,3
0.54,6212.866018,3
0.54,6212.866018,3
0.54,6212.866018,3
0.54,6212.866018,3
0.54,6212.866018,3
0.53,6255.884888,4
0.53,6255.884888,3
0.53,6255.884888,3
0.53,6255.884888,3
0.53,6255.884888,3
0.53,6255.884888,3
0.53,6255.884888,3
0.53,6255.884888,3
0.52,6299.551259,4
0.52,6299.551259,4
0.52,6299.551259,4
0.52,6299.551259,4
0.52,6299.551259,4
0.52,6299.551259,3
0.52,6299.551259,3
0.52,6299.551259,3
0.52,6299.551259,3
0.52,6299.551259,3
0.52,6299.551259,3
0.52,6299.551259,2
0.51,6343.880599,3
0.51,6343.880599,3
0.51,6343.880599,3
0.51,6343.880599,3
0.51,6343.880599,3
0.51,6343.880599,3
0.51,6343.880599,3
0.5,6388.888889,4
0.5,6388.888889,4
0.5,6388.888889,4
0.5,6388.888889,3
0.5,6388.888889,3
0.5,6388.888889,3
0.5,6388.888889,3
0.5,6388.888889,3
0.5,6388.888889,3
0.5,6388.888889,3
0.5,6388.888889,3
0.5,6388.888889,3
0.5,6388.888889,3
0.5,6388.888889,3
0.5,6388.888889,3
0.49,6434.592641,4
0.49,6434.592641,4
0.49,6434.592641,3
0.49,6434.592641,3
0.49,6434.592641,3
0.49,6434.592641,3
0.49,6434.592641,3
0.49,6434.592641,3
0.49,6434.592641,3
0.49,6434.592641,3
0.48,6481.008924,3
0.48,6481.008924,3
0.48,6481.008924,3
0.48,6481.008924,3
0.48,6481.008924,3
0.48,6481.008924,3
0.48,6481.008924,3
0.48,6481.008924,3
0.48,6481.008924,3
0.47,6528.155384,3
0.47,6528.155384,3
0.47,6528.155384,3
0.47,6528.155384,3
0.47,6528.155384,3
0.47,6528.155384,3
0.47,6528.155384,3
0.47,6528.155384,3
0.47,6528.155384,3
0.47,6528.155384,3
0.47,6528.155384,3
0.46,6576.050273,4
0.46,6576.050273,3
0.46,6576.050273,3
0.46,6576.050273,3
0.46,6576.050273,3
0.46,6576.050273,3
0.46,6576.050273,3
0.46,6576.050273,3
0.46,6576.050273,3
0.46,6576.050273,3
0.46,6576.050273,3
0.46,6576.050273,2
0.45,6624.712472,3
0.45,6624.712472,3
0.45,6624.712472,3
0.45,6624.712472,3
0.45,6624.712472,3
0.45,6624.712472,3
0.45,6624.712472,3
0.45,6624.712472,3
0.45,6624.712472,3
0.45,6624.712472,2
0.44,6674.161524,3
0.44,6674.161524,3
0.44,6674.161524,3
0.44,6674.161524,3
0.44,6674.161524,3
0.44,6674.161524,3
0.44,6674.161524,3
0.44,6674.161524,3
0.44,6674.161524,3
0.44,6674.161524,3
0.44,6674.161524,3
0.44,6674.161524,3
0.44,6674.161524,2
0.44,6674.161524,1
0.43,6724.417657,4
0.43,6724.417657,3
0.43,6724.417657,3
0.43,6724.417657,3
0.43,6724.417657,3
0.43,6724.417657,3
0.43,6724.417657,3
0.43,6724.417657,2
0.42,6775.501819,3
0.42,6775.501819,3
0.42,6775.501819,3
0.42,6775.501819,3
0.42,6775.501819,3
0.42,6775.501819,3
0.42,6775.501819,1
0.41,6827.435711,3
0.41,6827.435711,3
0.41,6827.435711,3
0.41,6827.435711,3
0.41,6827.435711,3
0.41,6827.435711,3
0.4,6880.241819,4
0.4,6880.241819,3
0.4,6880.241819,3
0.4,6880.241819,3
0.4,6880.241819,3
0.4,6880.241819,3
0.4,6880.241819,3
0.39,6933.943452,4
0.39,6933.943452,3
0.39,6933.943452,3
0.39,6933.943452,3
0.39,6933.943452,3
0.39,6933.943452,3
0.38,6988.564782,3
0.38,6988.564782,3
0.38,6988.564782,3
0.38,6988.564782,2
0.38,6988.564782,1
0.37,7044.13088,4
0.37,7044.13088,3
0.37,7044.13088,3
0.37,7044.13088,3
0.37,7044.13088,2
0.36,7100.667766,3
0.36,7100.667766,3
0.36,7100.667766,3
0.36,7100.667766,3
0.36,7100.667766,3
0.36,7100.667766,3
0.36,7100.667766,1
0.36,7100.667766,1
0.35,7158.202448,3
0.35,7158.202448,3
0.35,7158.202448,3
0.35,7158.202448,3
0.35,7158.202448,3
0.35,7158.202448,3
0.35,7158.202448,2
0.35,7158.202448,1
0.34,7216.762974,3
0.34,7216.762974,3
0.34,7216.762974,3
0.34,7216.762974,3
0.34,7216.762974,3
0.34,7216.762974,2
0.33,7276.378482,3
0.33,7276.378482,3
0.32,7337.079255,3
0.31,7398.896776,3
0.31,7398.896776,3
0.31,7398.896776,3
0.31,7398.896776,3
0.3,7461.863794,3
0.3,7461.863794,3
0.3,7461.863794,3
0.3,7461.863794,2
0.29,7526.014383,3
0.29,7526.014383,3
0.29,7526.014383,3
0.29,7526.014383,2
0.29,7526.014383,1
0.27,7658.009629,3
0.26,7725.929716,3
0.26,7725.929716,3
0.25,7795.184395,2
0.25,7795.184395,2
0.25,7795.184395,2
0.25,7795.184395,2
0.24,7865.815504,3
0.24,7865.815504,2
0.23,7937.866695,2
0.23,7937.866695,2
0.22,8011.383532,3
0.22,8011.383532,3
0.22,8011.383532,2
0.22,8011.383532,2
0.22,8011.383532,1
0.21,8086.413601,3
0.21,8086.413601,2
0.21,8086.413601,1
0.21,8086.413601,0
0.2,8163.006623,3
0.2,8163.006623,2
0.19,8241.214577,2
0.19,8241.214577,2
0.19,8241.214577,2
0.18,8321.091831,2
0.18,8321.091831,2
0.18,8321.091831,2
0.18,8321.091831,0
0.17,8402.695283,2
0.17,8402.695283,2
0.17,8402.695283,2
0.17,8402.695283,2
0.17,8402.695283,2
0.17,8402.695283,0
0.16,8486.08451,2
0.15,8571.321931,2
0.15,8571.321931,2
0.14,8658.472979,2
0.14,8658.472979,2
0.14,8658.472979,2
0.13,8747.606288,2
0.13,8747.606288,2
0.13,8747.606288,2
0.12,8838.793893,2
0.12,8838.793893,2
0.12,8838.793893,2
0.12,8838.793893,2
0.12,8838.793893,1
0.12,8838.793893,0
0.11,8932.111445,2
0.11,8932.111445,1
0.11,8932.111445,1
0.11,8932.111445,0
0.1,9027.638443,2
0.1,9027.638443,2
0.1,9027.638443,2
0.1,9027.638443,1
0.09,9125.458485,2
0.09,9125.458485,2
0.09,9125.458485,2
0.09,9125.458485,1
0.08,9225.659539,2
0.08,9225.659539,2
0.08,9225.659539,1
0.08,9225.659539,1
0.07,9328.334231,2
0.07,9328.334231,2
0.07,9328.334231,2
0.07,9328.334231,2
0.07,9328.334231,2
0.07,9328.334231,2
0.06,9433.580165,2
0.06,9433.580165,2
0.06,9433.580165,2
0.06,9433.580165,2
0.05,9541.500263,2
0.05,9541.500263,2
0.05,9541.500263,2
0.05,9541.500263,2
0.05,9541.500263,2
0.04,9652.203136,2
0.04,9652.203136,2
0.04,9652.203136,2
0.04,9652.203136,2
0.04,9652.203136,2
0.04,9652.203136,2
0.04,9652.203136,2
0.04,9652.203136,2
0.04,9652.203136,2
0.03,9765.803485,2
0.03,9765.803485,2
0.03,9765.803485,2
0.03,9765.803485,2
0.03,9765.803485,2
0.03,9765.803485,2
0.03,9765.803485,1
0.02,9882.422537,2
0.02,9882.422537,2
0.02,9882.422537,2
0.02,9882.422537,2
0.02,9882.422537,2
0.02,9882.422537,2
0.02,9882.422537,2
0.02,9882.422537,0
0.01,10002.18852,2
0.01,10002.18852,2
0.01,10002.18852,2
0.01,10002.18852,2
0.01,10002.18852,1
0.01,10002.18852,1
0,10125.23719,2
0,10125.23719,2
0,10125.23719,2
0,10125.23719,1
0,10125.23719,1
0,10125.23719,1
0,10125.23719,1
0,10125.23719,1
0,10125.23719,1
-0.01,10251.71238,2
-0.01,10251.71238,2
-0.01,10251.71238,2
-0.01,10251.71238,2
-0.01,10251.71238,2
-0.01,10251.71238,2
-0.01,10251.71238,1
-0.01,10251.71238,1
-0.01,10251.71238,1
-0.01,10251.71238,1
-0.01,10251.71238,1
-0.01,10251.71238,0
-0.02,10381.76661,2
-0.02,10381.76661,1
-0.02,10381.76661,1
-0.02,10381.76661,1
-0.02,10381.76661,1
-0.02,10381.76661,0
-0.03,10515.56178,2
-0.03,10515.56178,2
-0.03,10515.56178,2
-0.03,10515.56178,2
-0.03,10515.56178,1
-0.03,10515.56178,1
-0.03,10515.56178,0
-0.04,10653.26991,2
-0.04,10653.26991,1
-0.04,10653.26991,1
-0.04,10653.26991,1
-0.04,10653.26991,1
-0.04,10653.26991,1
-0.04,10653.26991,1
-0.04,10653.26991,1
-0.04,10653.26991,1
-0.04,10653.26991,1
-0.05,10795.07392,1
-0.05,10795.07392,1
-0.05,10795.07392,1
-0.05,10795.07392,1
-0.05,10795.07392,1
-0.05,10795.07392,1
-0.05,10795.07392,1
-0.05,10795.07392,1
-0.06,10941.16853,1
-0.06,10941.16853,1
-0.06,10941.16853,1
-0.06,10941.16853,1
-0.06,10941.16853,1
-0.06,10941.16853,1
-0.06,10941.16853,1
-0.07,11091.76123,1
-0.07,11091.76123,1
-0.07,11091.76123,1
-0.07,11091.76123,1
-0.07,11091.76123,1
-0.07,11091.76123,1
-0.07,11091.76123,1
-0.07,11091.76123,1
-0.07,11091.76123,1
-0.08,11247.07336,1
-0.08,11247.07336,1
-0.08,11247.07336,1
-0.08,11247.07336,1
-0.08,11247.07336,1
-0.08,11247.07336,1
-0.08,11247.07336,1
-0.09,11407.3413,1
-0.09,11407.3413,1
-0.09,11407.3413,1
-0.09,11407.3413,1
-0.1,11572.81773,1
-0.1,11572.81773,1
-0.1,11572.81773,1
-0.1,11572.81773,1
-0.1,11572.81773,1
-0.1,11572.81773,1
-0.1,11572.81773,1
-0.1,11572.81773,1
-0.1,11572.81773,0
-0.11,11743.77313,1
-0.11,11743.77313,1
-0.11,11743.77313,1
-0.11,11743.77313,1
-0.11,11743.77313,1
-0.11,11743.77313,1
-0.11,11743.77313,1
-0.11,11743.77313,1
-0.11,11743.77313,1
-0.11,11743.77313,1
-0.12,11920.49736,1
-0.12,11920.49736,1
-0.12,11920.49736,1
-0.12,11920.49736,1
-0.12,11920.49736,1
-0.12,11920.49736,1
-0.13,12103.30141,1
-0.13,12103.30141,1
-0.13,12103.30141,1
-0.13,12103.30141,1
-0.13,12103.30141,1
-0.13,12103.30141,1
-0.13,12103.30141,1
-0.14,12292.51942,1
-0.14,12292.51942,1
-0.14,12292.51942,1
-0.15,12488.51085,1
-0.15,12488.51085,1
-0.15,12488.51085,1
-0.15,12488.51085,1
-0.15,12488.51085,1
-0.16,12691.66294,1
-0.16,12691.66294,1
-0.16,12691.66294,1
-0.16,12691.66294,1
-0.17,12902.39349,1
-0.17,12902.39349,1
-0.17,12902.39349,1
-0.17,12902.39349,1
-0.17,12902.39349,1
-0.19,13348.43276,1
-0.2,13584.75951,1
-0.22,14086.90687,1
-0.23,14354.03424,1
-0.23,14354.03424,1
-0.24,14632.83517,0
-0.25,14924.1235,0